230,Ignatius,Mahaica Village,199356,Male
210,Liuka,Braço do Norte,475146,Female
119,Diego,San Andres,729406,Male
192,Angel,Kastélli,746770,Non-binary
605,Jarvis,Senta,603740,Male
873,Aldon,Campok,172527,Male
2,Cloe,Malusac,958055,Female
86,Nadya,Beixiaoying,567602,Female
475,Debor,Santa Cruz,399894,Female
553,Iormina,Kota Ternate,33338,Female
848,Ernst,Huntington,240460,Male
295,Concettina,Bayt Qād,296435,Female
971,Benyamin,Vila Nova,218843,Male
319,Tiffie,Katima Mulilo,174372,Female
805,Lyndsie,Gaide,972897,Female
335,Rollo,Ramon’,987586,Male
802,Benito,Di Linh,153108,Male
337,Alisa,Agen,159617,Female
139,Maurice,Pelym,110566,Male
718,Izak,Alexandroúpoli,442381,Male
22,Gaby,Qutun,274324,Female
386,Star,Caijiang,482353,Female
949,Jessalyn,Huaqiao,126844,Female
677,Charyl,Tartouss,829196,Female
510,Ashia,Quimper,772697,Female
886,Carolyn,Söderhamn,289952,Genderfluid
907,Margeaux,Chavão,346948,Female
352,Waite,Saint-André-Avellin,209447,Male
572,Lorrie,Ust’-Donetskiy,868466,Male
875,Val,Verkhn’odniprovs’k,806483,Female
258,Fallon,Sakata,333920,Female
99,Monroe,Wentai,789773,Male
633,Shay,Lianhua,55992,Female
978,Perri,Geta,776290,Female
754,Corey,Kerva,930983,Female
811,Jan,Huangcun,366665,Male
690,Celinka,Yujia,251792,Female
589,Larisa,Jambesari,200387,Female
618,Melissa,Студеничани,683065,Female
594,El,Xiheshan,585524,Male
56,Barnett,Las Vegas,373329,Male
80,Pieter,Yamango,796192,Male
683,Trudey,Nobo,886879,Female
515,Fred,Getengan,637352,Male
455,Granthem,Cartagena,653474,Male
571,Jarrett,Xinquansi,735271,Male
564,Ninnette,Utrecht (stad),391079,Female
665,Patty,Smolenka,499142,Female
120,Jennica,Studzionka,207777,Female
186,Lance,Clearwater,50728,Male
498,Killie,Tisno,244231,Male
323,Hadleigh,San Ramon,707298,Male
954,Addie,Oliveira de Baixo,802093,Female
473,Lamar,Eckerö,681881,Male
911,Carlo,Aix-en-Provence,696885,Male
981,Leslie,Niños Heroes,375335,Male
554,Taber,Arkhaía Kórinthos,480683,Male
56,Gearard,Blackfalds,552048,Bigender
422,Gerda,Dobre Miasto,953731,Female
46,Phylys,San Isidro,452916,Female
86,Annalise,Monroe,330370,Female
693,Rosaleen,Romans-sur-Isère,113096,Female
974,Consolata,Sieroszewice,868942,Female
300,Emogene,Roissy Charles-de-Gaulle,13077,Female
471,Prent,Svetlyy Yar,888937,Male
789,Aridatha,Condado,426174,Agender
285,Jefferson,Buenavista,336329,Male
70,Kelsey,Nyalindung,714259,Female
50,Worden,Buriti Alegre,942952,Male
920,Burg,Tirana,207220,Male
598,Rouvin,Sanyi,858075,Male
220,Caitrin,Sangiang,797786,Female
352,Adler,Yotsukaidō,462278,Male
743,Zebulon,Al Finţās,904420,Male
949,Lily,Aldeias de Cima,197919,Female
838,Cesar,São Sepé,335953,Male
993,Bearnard,El Limon,454738,Male
283,Mahalia,Cravinhos,787499,Female
501,Angelica,El Hamma,825897,Female
837,Maryellen,Kalipucang,135399,Female
530,Wainwright,Wutong,252247,Male
34,Joseph,Bergen,83983,Male
422,Fidelity,Ramalhal,320256,Female
477,Gery,Misasi,525211,Male
916,Zita,Trąbki Wielkie,529700,Female
373,Karalynn,Ballitoville,325273,Female
822,Boniface,Shiqiao,714766,Male
178,Stormy,Mokotów,334433,Female
987,Wake,Verkhniye Osel’ki,203271,Male
867,Frederique,Yasnogorsk,370348,Female
403,Angelico,San Antonio de los Baños,432845,Male
868,Lindy,Kubanskiy,594689,Female
868,Lenci,København,715715,Male
668,Byram,Tougan,635129,Male
372,Teddie,Ārān Bīdgol,544965,Male
131,Richard,Kinamayan,493255,Male
453,Alasdair,Subusub,99926,Non-binary
722,Mitzi,Seattle,606275,Bigender
346,Sherwynd,Zavety Il’icha,86333,Male
534,Dixie,Tuusula,309501,Female
403,Jammal,Cikawunggading,573071,Male
534,Giles,Cisitu,640457,Male
126,Jephthah,La Unión,770890,Male
331,Georgette,Osiek,226547,Female
839,Corbett,Sabnova,114603,Male
579,Antonina,Vĩnh Thuận,146027,Female
641,Lee,Kodamachō-kodamaminami,767849,Male
97,Ricky,Pumai,83825,Male
397,Didi,Linamon,726993,Female
80,Dorthea,Boyu,426735,Female
885,Lisha,Padangtepung,329954,Female
526,Mil,Stykkishólmur,436418,Female
133,Doralin,Bhalil,604212,Female
196,Pen,Barbacoas,20473,Non-binary
840,Justino,Virolahti,186698,Genderqueer
941,Vick,Las Palmas,414456,Male
757,Theodor,Cascais,37496,Male
570,Amelina,Jinan,262020,Female
706,Celesta,Hotonj,23652,Female
309,Cameron,Sharïngol,791892,Male
42,Jany,Casais Baleal,595110,Female
696,Kordula,Shangjia,923976,Female
644,Vida,Oslo,712177,Female
370,Marybeth,Cochrane,359929,Female
394,Kelvin,Krechevitsy,490619,Genderfluid
761,Lauren,Tanumshede,214840,Male
909,Frederic,Norton,519019,Male
333,Tobit,Mengjia,695460,Male
96,Delmer,Phúc Thọ,893904,Male
417,Lotte,Shanjiao,258427,Female
84,Mikol,Bánov,248606,Male
948,Elenore,Granada,776675,Female
757,Estrellita,Linan,861347,Female
420,Lena,Tbilisskaya,764106,Female
951,Benita,Magan,914024,Female
178,Matti,Ciela Lebak,945359,Female
673,Vincents,General Emilio Aguinaldo,366500,Male
228,Florencia,Kabala,646201,Female
746,Roobbie,Campo Formoso,874343,Female
451,Kienan,Palomoc,989088,Male
455,Ina,Huochang,884966,Female
294,Tulley,Jiahe,379411,Male
927,Rudolf,Kyrylivka,468490,Male
196,Ali,Hüremt,746630,Female
78,Reggi,Baoping,75792,Female
15,Kendall,Sorang,905710,Male
935,Bev,Stockholm,876651,Male
677,Latrena,Matayumtayum,679344,Female
107,Ethelbert,Cumaná,519748,Male
152,Parker,Xiaxi,753921,Male
388,Patten,Le Puy-en-Velay,300734,Male
888,Beau,Kota Kinabalu,615322,Male
750,Xerxes,Coromandel,496995,Male
941,Neila,Ulsan,51246,Female
415,Burgess,Yidu,531154,Male
303,Biddy,Sigay,793599,Female
749,Tildi,Ratilangi,56406,Female
200,Carolan,Derzhavīnsk,688184,Female
339,Benton,Parang,182285,Male
797,Rustie,Pedamaran,892285,Male
18,Weston,Stavropol’,504990,Male
666,Cele,Xiejiatan,365329,Female
664,Elmore,Providencia,393675,Male
215,Ced,Pinglumiao,876598,Male
649,Etti,Evansville,259575,Female
245,Betsy,Potrerillos Arriba,908165,Female
869,Michale,Cikuray,750124,Male
386,Karney,Châteaudun,714476,Male
819,Rollo,Wolanów,857397,Male
834,Irving,San José de La Montaña,367606,Male
923,Averell,Baffa,897697,Male
823,Nolana,Shezhu,525196,Female
2,Philippa,Darong,836381,Female
426,Collin,Żarki-Letnisko,161050,Male
767,Emmey,Wiri,884028,Female
447,Shandra,Khovd,293375,Female
10,Tallie,Beijiang,556594,Female
895,Winifred,Cidamar,471693,Female
494,Kristos,Jatisari,793358,Male
181,Andra,Unaí,567529,Female
843,Yance,Fonte Boa,942836,Male
41,Porter,Coronel,354627,Male
329,Aurore,Tangwang,21175,Genderfluid
970,Aubrey,Ahar,635179,Male
479,Nananne,Calape,334377,Female
674,Zelda,Baucau,146977,Female
175,Emmit,Pitomača,729573,Male
134,Cyrus,Łazy,107572,Male
930,Teodor,Talondang,128581,Male
203,Vin,Patrang,37088,Female
968,Caleb,Maliang,404975,Male
24,Kimble,Castanheira,866742,Male
38,Caye,Cihideung Satu,393373,Female
136,Beniamino,San Agustín,340624,Male
760,Taffy,Sundsvall,859979,Female
994,Valida,Rancapeundey,13880,Female
96,Pippy,Capissayan Sur,436986,Female
172,Matthieu,Ciudad Choluteca,465566,Male
620,Ella,Göteborg,295515,Female
121,Mohandis,Mujiangping,965289,Non-binary
661,Tabina,Anolaima,212024,Female
310,Tarrah,Roma,912290,Female
342,Dulcy,Aroa,606451,Agender
544,Othelia,Amaury,100309,Female
593,Allie,Abomey-Calavi,910216,Male
384,Evan,Zhongba,990699,Male
361,Leonelle,San José de Feliciano,780832,Female
795,Zaria,Washington,874490,Non-binary
438,Ellis,Dordrecht,972547,Male
200,Mellie,Alpatovo,620074,Female
877,Mercie,Memphis,939464,Female
741,Rip,Tasīl,156242,Male
540,Duncan,Guandiping,138599,Male
803,Harlin,Salam,231485,Male
5,Renell,Canga’an,660724,Female
334,Erminia,Malahide,624144,Female
772,Massimo,Prainha de Baixo,744156,Male
307,Phineas,Jetis,46379,Male
781,Gabi,Lameira,231912,Male
252,Kele,Florestópolis,62552,Male
324,Kellby,Bernal,994901,Agender
418,Agata,Nancun,509238,Female
601,Rolando,Tpig,947770,Male
986,Neall,Végueta,740776,Male
290,Vitoria,Arnage,231367,Female
402,Jeremie,Jiesheng,429733,Male
714,Cloe,Qulsary,703264,Female
429,Alfonso,Ambato Boeny,666789,Male
128,Colline,Gandekan,479017,Female
704,Blythe,Samothráki,726473,Female
790,Derril,Xiaogang,466685,Male
517,Pattin,Chenjiaba,129092,Male
734,Cam,Nyima,114453,Male
216,Zorina,Jinhua,172367,Female
64,Woodie,Coté-Lai,616704,Male
92,Linnea,Pļaviņas,541819,Female
742,Heloise,Mekarsari,901812,Female
452,Hugh,Petare,260574,Male
691,Anthia,Pangrumasan,122933,Female
657,Harry,Pásion,957646,Non-binary
103,Clemmie,Toulon,321956,Female
252,Maressa,Münster,369904,Female
171,Cosette,Sun Kunda,781801,Bigender
440,Sandie,Osieczany,511145,Female
765,Lindon,Jurm,149962,Male
684,Amie,Espargos,289994,Female
583,Alyce,Kihniö,959973,Female
959,Anthiathia,Belos Ares,72232,Female
170,Mechelle,Berck,761643,Female
759,Ferdy,Tarbagatay,664247,Male
979,Lauren,El Fureidīs,178602,Male
261,Claudianus,Quinta de Valadares,604179,Male
614,Gates,Shilovo,863104,Female
277,Mohandis,Wujing,616928,Male
16,Babara,Agios Dimitrios,642935,Female
678,Laurette,Montpellier,85825,Female
580,Garry,Ningyang,880434,Male
510,Kory,Färgelanda,391353,Male
530,Meyer,Kommunisticheskiy,431158,Male
85,Sharlene,Ueda,990186,Female
744,Vince,Pidvynohradiv,697687,Genderfluid
323,Reade,Sępólno Krajeńskie,534149,Agender
594,Pamella,Khanabad,802397,Female
575,Johnnie,Bintang,872664,Male
881,Korry,Utama Wetan,146192,Female
659,Michale,Lleida,326766,Male
208,Lowrance,København,166408,Male
586,Dare,Wutun,604866,Male
190,Kelly,Metchosin,565278,Female
317,Basilius,Grajaú,364343,Male
119,Georg,Verkhneye Kazanishche,961957,Male
480,Genvieve,Mkushi,638828,Female
377,Hyacinthe,Karolinka,865282,Female
105,Jocelin,Alistráti,703096,Female
347,Martainn,Trzebinia,305773,Genderfluid
756,Libbie,Itaqui,540252,Female
681,Ottilie,Gunung,496037,Female
867,Monro,Bystřice nad Pernštejnem,283151,Male
533,Ron,Ust’-Koksa,540185,Male
585,Chet,Lyon,799696,Bigender
922,Kristien,Shanmuqiao,720960,Female
340,Tedd,Abū Zabad,387181,Agender
678,Clarance,Pakokku,907558,Male
611,Merrielle,São Lourenço de Mamporcão,298770,Genderqueer
367,Michele,Laval,199807,Male
561,Brooke,Fahraj,180951,Non-binary
141,Ange,Kiruru,22105,Male
551,Bo,Santa Teresa,321374,Male
553,Matelda,Odoyev,639149,Female
326,Sinclare,Mhamid,945218,Male
663,Hagen,An Nāşirīyah,341109,Male
685,Edik,Krasnotorka,116674,Male
592,Corbie,Svetogorsk,143185,Male
82,Lawrence,Paradyż,595102,Male
139,Alleyn,Barbaza,925562,Male
941,Gallard,Gœsdorf,665429,Male
350,Nathanael,San Carlos de Bolívar,321172,Male
581,Ado,Sal’sk,997031,Male
529,Aileen,Tangtou,494922,Female
106,Carolann,Jurovski Dol,929342,Female
965,Wyatan,Gondanglegi Wetan,225291,Male
637,Wilmette,Karabas,115380,Polygender
229,Boyce,Bicos,661552,Male
317,Gianna,Bangolo,280251,Female
786,Rick,Ad Dimnah,604922,Male
736,Lancelot,Shypyntsi,560426,Male
881,Barclay,Upata,603600,Male
877,Reagan,Bagadó,185633,Male
921,Dru,Luoqiao,617505,Female
985,Bibbie,Fenjie,906359,Non-binary
607,Chas,Skole,897583,Male
989,Dorree,Szelków,598441,Female
315,Valentin,Dayuan,172250,Male
536,Terese,Morón,33826,Female
676,Spencer,Al Hoceïma,899240,Male
993,Keefe,Sukorambi,559784,Male
824,Ahmed,Kampala,593904,Male
647,Ignazio,Ngoc Hon Doc,725426,Male
269,Aveline,San Pablo,136352,Female
473,Jeralee,Zaragoza,35904,Female
182,Brand,El Carmen,318941,Male
9,Berget,Pamoyanan,315907,Female
257,Josephina,Passagem,246041,Female
479,Janet,Beya,328019,Female
63,Coral,Basar,593152,Female
597,Trevor,Thatèng,184901,Male
625,Rena,Lazaro Cardenas,175232,Female
416,Ferd,Yan Nawa,890046,Male
357,Rorie,Qvareli,983528,Female
453,Papageno,Venustiano Carranza,390722,Male
388,Tildi,Reims,964532,Female
869,Parry,Pringsewu,761449,Male
399,Dulcinea,Dūst Moḩammad Khān,878210,Female
961,Catherin,Belomorsk,206185,Female
852,Edouard,San Juan de la Maguana,28194,Male
27,Charyl,Dalovice,911360,Non-binary
410,Alex,Łubniany,756592,Male
88,Katalin,Władysławowo,201874,Female
994,Roseann,Langkou,355353,Female
974,Jedd,São Lourenço,869084,Male
648,Aline,Nowy Dwór Gdański,395417,Female
350,Gena,Sonorejo,241928,Female
837,Arabelle,Kladovo,792102,Female
375,Chandra,Romny,201818,Female
10,Shandy,New York City,190970,Female
37,Rasla,Heret,773656,Female
242,Rochette,Bayzhansay,511378,Female
914,Husain,Silongin,836857,Male
799,Nell,Krayen,824191,Agender
298,Zechariah,Antioquia,132186,Male
149,Jaimie,Denver,58962,Male
764,Ossie,Bitola,173676,Male
286,Diena,Évreux,175551,Female
146,Christy,Ialoveni,895835,Non-binary
351,Calhoun,Ashcroft,528982,Male
167,Gawen,Yuejin,340854,Agender
454,Adelheid,Jacareí,752151,Bigender
269,Land,Volovo,865211,Male
443,Horacio,Asahikawa,849509,Non-binary
605,Rosamund,Kalýves Polygýrou,709228,Female
992,Fernanda,Curahpacul Satu,336991,Female
216,Phyllida,Krajan Timur Mlokorejo,34152,Female
24,Lorrie,Ubaitaba,163005,Female
588,Chrissy,Dorogobuzh,390764,Female
819,Ced,Vancouver,987804,Male
739,Garreth,Póvoa,645733,Male
872,Ulrika,Ganjur,908733,Female
506,Lorain,Hwasun,725865,Female
980,Corrie,Kalayemule,633510,Male
232,Isaak,Kurortnyy,671341,Male
510,Whitby,Shimen,730576,Male
14,Teodor,Huyunxiang,203670,Male
992,Caryn,Skogås,562465,Female
772,Tammy,Skrunda,551332,Genderfluid
416,Janelle,Luofang,965871,Female
337,Madelin,Mombasa,702166,Female
289,Felecia,Seixas do Douro,549593,Female
349,Annette,Saga,679492,Female
76,Ambrosius,Santa María de Jesús,10497,Male
811,Vivian,Shanxia,916237,Female
488,Brooks,Rabah,789663,Female
478,Allistir,Kosów Lacki,540565,Male
9,Emmet,Narathiwat,668555,Male
357,Cleon,Capitán Bado,67647,Male
590,Elwira,Elassóna,581921,Female
887,Iorgos,Kunčice pod Ondřejníkem,633880,Male
656,Everett,Tubungan,569739,Male
55,Bartolomeo,Pocito,770273,Male
217,Kincaid,Huiwan,286260,Male
853,Murielle,Kesamben,137555,Female
806,Jamal,Negla,462931,Male
211,Anya,Salvacion,182936,Female
271,Shelton,Buayan,340191,Male
576,Stefanie,Haiyan,426486,Female
836,Adrian,Fuxing,922394,Agender
608,Killie,Bodø,744599,Male
741,Brady,Vicente Guerrero,470057,Male
496,Michel,Payxambabazar,19415,Male
427,Maxie,Xianlong,385623,Female
405,Issy,Voiron,185801,Female
252,Burtie,Maracaibo,431441,Polygender
647,Jenni,Vis,647752,Female
623,Teresa,Trelleborg,362459,Female
101,Egor,Pando,329717,Male
302,Archaimbaud,Guinabsan,671954,Polygender
532,Liza,Emiliano Zapata,158790,Female
368,Gill,Chiba,972726,Female
204,Florella,Olyshivka,562881,Female
98,Dannel,Kourou,605547,Male
112,Ewell,Ostrožská Lhota,326116,Male
643,Minny,Shanggan,283774,Female
621,Filbert,Novi Beograd,733678,Male
109,Kaine,Tarkwa,852714,Male
945,Orlan,Lawa-an,88569,Male
506,Melva,Langue,827467,Female
375,Sean,Cabaret,399883,Male
112,Heinrick,Wangjiahe,357410,Male
476,Esme,Pantanal,534375,Female
620,Bartolomeo,Stodolishche,120186,Male
575,Lowell,Ängelholm,285362,Male
762,Lilas,Naukot,320028,Agender
364,Chrotoem,Podgortsy,112430,Male
100,Terra,Tualangcut,925466,Female
72,Karlee,Youkounkoun,856877,Female
336,Jayme,Mlonggo,623700,Male
1000,Gun,Saku,670900,Male
28,Clarita,Cerro Colorado,501773,Female
375,Syman,Heshi,449796,Male
676,Giorgi,Tabu,183821,Male
873,Giulietta,Marvdasht,484348,Female
881,Chan,Izra‘,631251,Male
735,Averil,Muhos,674643,Male
411,Pooh,Jablonec nad Jizerou,294248,Male
606,Dre,Jianshan,261852,Female
331,Eachelle,Ko Si Chang,287250,Female
399,Dacia,Krajan,552858,Female
70,Carita,Kazanlŭk,872823,Female
335,Stanislas,Pelem,891159,Male
908,Regen,Bajia,596104,Genderfluid
162,Andrey,Enschede,50164,Male
869,Fay,La Julia,227224,Female
4,Killy,Bzou,804270,Male
375,Barnebas,Xiaopu,99964,Male
868,Janene,Michurinskoye,440823,Bigender
402,Ashlin,Štítná nad Vláří,973922,Male
920,Olympia,Радовиш,68222,Female
554,Delcina,Gulou,579355,Female
331,Tess,Samur,656020,Female
51,Maxie,Lianrao,859997,Male
52,Hilda,Otrokovice,796601,Female
368,Katrinka,Lazaro Cardenas,788833,Female
576,Mercy,Strančice,271259,Female
710,Osmond,Nanae,21678,Male
955,Homer,Widorokandang,220611,Male
299,Reinhold,Minakuchi,256193,Male
499,Matty,La Rioja,152513,Male
292,Ignaz,Baoquanshan,919907,Male
910,Caro,Stęszew,607045,Female
192,Alfy,Grand Rapids,501243,Female
252,Davide,Youssoufia,438117,Male
93,Anthiathia,Nanchoc,385708,Female
876,Katheryn,Itápolis,230422,Female
369,Rufus,Pacarkeling,245168,Male
595,Davey,Tilburg,669872,Male
94,Thibaut,Lochovice,808946,Male
631,Davide,Münster,48816,Male
538,Marnia,Goascorán,590329,Genderqueer
211,Hashim,Pho Thong,782171,Male
573,Antonie,Linglong,567546,Female
659,Maximilian,Jargalant,558631,Male
487,Karlan,Tomado,922989,Genderfluid
879,Kenneth,Chitré,182380,Male
933,Kiley,Tovačov,861912,Male
877,Aime,El Tambo,180948,Female
722,Ferrell,Wadeng,407456,Male
359,Rainer,Cinunjang,867032,Genderfluid
192,Cloris,Boyu,626844,Female
415,Isa,Kokstad,742923,Male
803,Markus,Markópoulo,406496,Male
489,Almeda,Krông Kmar,333677,Female
407,Kippie,Jinshanzui,932957,Male
22,Ethe,Cajueiro,108979,Genderqueer
261,Cletis,Maţāy,594428,Male
547,Karlene,Hamburg Bramfeld,950133,Female
449,Dona,Habry,893925,Female
896,Tracey,Hermoso Campo,519895,Female
22,Dave,Krapyak Kidul,880696,Male
641,Enrique,Barra de São Francisco,984785,Male
254,Cinda,Lajeosa,122633,Female
203,Lois,Niandou,618048,Agender
565,Lonnie,Portela,264684,Male
552,Abigail,Marapat,730124,Female
646,Karlis,Ikryanoye,588906,Male
337,Arny,Zhutang,736378,Male
656,Morey,Cibeureum,761235,Male
208,Rayner,Purificación,13160,Bigender
764,Ulises,Dimitrov,708929,Male
156,Bev,Bator,201252,Female
133,Madelene,Campo Viera,273454,Genderfluid
902,Kaiser,Beaumont,302815,Male
648,Shepherd,Kranjska Gora,82402,Agender
301,Vonny,Gunungpeundeuy,791932,Female
177,Eba,Uptar,31727,Genderqueer
262,Silvain,Krajan Kidul Rojopolo,141107,Male
980,Binky,Moravská Nová Ves,461514,Male
536,Kym,Ilām,500869,Polygender
338,Gayelord,Bao’an,420109,Male
563,Leodora,Huanghai,108020,Female
6,Chrysa,San Francisco,20160,Female
865,Sapphire,Kushima,586254,Female
528,Lazare,Mirpur Khas,102681,Male
933,Mahala,Kowo,863448,Female
661,Jakie,Lüxiang,528669,Male
998,Rowan,Popil'nya,33058,Male
423,Heinrik,A’ershan,858441,Male
91,Aimil,Shuidong,630709,Female
613,Chrissy,Concordia,17216,Female
812,Clarey,Soraya,666898,Female
113,Mavra,Huambo,382388,Bigender
716,Neddy,Pont Cassé,304907,Male
8,Alick,Stockholm,412800,Male
244,Sol,Tongtuan,825748,Male
540,Hilary,Göteborg,27931,Male
1,Erich,Guápiles,441762,Agender
74,Almeda,Xinbao,300582,Female
93,Wrennie,Perpignan,716679,Female
534,Oralie,Zili,798894,Female
460,Vaughn,Al Midyah,220693,Male
451,Morie,Zarszyn,554537,Male
417,Ericha,Rondonópolis,833760,Female
944,Leora,Hougang,410043,Female
138,Boyce,Daqiao,964954,Male
392,Darcy,Anlu,818882,Male
17,Gasper,Viimsi,459240,Male
452,Tabb,Bazzāryah,135312,Male
194,Meaghan,Long Xuyên,633112,Female
979,Lavinie,São José do Rio Preto,739450,Female
483,Ingmar,Uppsala,924055,Male
184,Anatole,Jiuheyuan,359128,Genderqueer
636,Kurtis,Lenīnskīy,843711,Male
64,Vivyanne,Vendargues,226377,Female
566,Basia,Bantal,900230,Female
919,Moss,Naga,440840,Polygender
517,Eddi,San Carlos,53820,Female
470,Elyse,Fuxing,544420,Female
344,Silvano,Burunday,107231,Male
955,Farah,Longquan,652782,Female
773,Clark,Utsunomiya-shi,28034,Male
958,Cary,Sakété,808816,Agender
639,Charin,Boucinhas,462041,Female
675,Stanton,Ennery,568127,Male
271,Herminia,Zhenchuan,98625,Female
567,Margarethe,Yehud,886398,Bigender
70,Annecorinne,Nackawic,298602,Female
626,Marianne,Sosándra,618583,Female
987,Halimeda,Qaţanah,373074,Female
118,Filberte,Sepulu,868486,Male
970,Lyndsey,Beruniy,449809,Female
666,Brady,El Caño,251155,Agender
261,Albertine,Радовиш,66438,Female
125,Karalynn,Shangzhuang,206273,Female
221,Kit,Dlemer,252517,Female
47,Graehme,Maştağa,620787,Male
952,Rasia,Acevedo,896398,Female
891,Jeannine,Changtang,902025,Female
706,Halley,Campina Grande do Sul,712803,Female
857,Maryanna,Zaliztsi,693477,Agender
751,Jed,Puntarenas,586026,Male
799,Blair,Santiago Puringla,640260,Female
61,Christoforo,Volokonovka,443726,Male
270,Stuart,Hebeitun,48568,Male
484,Timotheus,Doāba,184788,Male
846,Delia,Shahr-e Qods,229048,Genderfluid
174,Dorothy,Cikaso,937264,Female
367,Rafaello,Best,430204,Male
804,Nada,Bor Ondor,515036,Female
795,Elissa,Murcia,987107,Female
939,Franni,Balaoang,359445,Female
167,Stu,Extrema,729961,Male
782,Gill,Xixiang,521119,Female
812,Ryan,La Huaca,999799,Male
76,Sal,Mata,313113,Female
491,Lou,Bry-sur-Marne,151899,Male
608,Alexandra,Guantou,865487,Female
78,Leon,Sirdaryo,178856,Male
693,Gray,Karangpapak,399763,Male
18,Marcelo,Tanahwurung,697725,Male
249,Burtie,Stamford,287191,Male
840,Carlynne,Kotovsk,974081,Female
679,Sascha,Don Matías,276298,Female
60,Sacha,Jalasenga,605180,Female
23,Jeanine,Long Thành,144294,Agender
559,Evonne,Morelos,701908,Female
42,Thorsten,Mojosari,220227,Male
218,Concettina,Fujishiro,60250,Female
785,Gabbi,Emmaboda,377482,Female
102,Nicolai,Sehwān,130519,Male
451,Magdaia,Chengtang,336990,Female
902,Barnett,Sơn Tây,355101,Male
452,Abby,Namora,286137,Non-binary
921,Eustacia,Las Palmas,61051,Female
526,Cleo,Tsybli,220616,Genderqueer
862,Ellwood,Kampinos,472557,Male
730,Mattias,Māsāl,439561,Male
350,Gavin,Aibura,381821,Male
577,Owen,Seattle,603096,Male
305,Sidney,Xincheng,201595,Male
559,Hali,Xiheshan,301568,Female
230,Barr,Ust-Kamenogorsk,973415,Male
148,Donetta,Kromasan,150280,Female
878,Agathe,Avelinha,494830,Female
541,Annette,Qal‘eh-ye Khvājeh,924420,Female
327,Broderick,Gazojak,449207,Male
65,Garner,Khondāb,144397,Male
699,Hilliary,Danglang Hudong,219021,Female
248,Ciro,Abū Mūsā,67390,Genderqueer
767,Emanuel,Dongsheng,160973,Agender
68,Charlene,Murovanoye,135573,Female
250,Matthaeus,Asyūţ,199904,Male
108,Evie,Stare Juchy,136984,Female
209,Fredra,Sendai-shi,283425,Female
69,Rodrique,Zborište,363678,Male
856,Aleksandr,Salisbury,711099,Genderfluid
247,Anne-marie,Cheremshan,212434,Polygender
892,Terri-jo,Paris 13,451935,Female
413,Jaymie,Avellaneda,219765,Male
624,Ad,Kragujevac,383954,Male
285,Marlo,Chacarita,685865,Female
747,Winn,Maxu,201221,Male
989,Garry,Baz,14480,Male
680,Domeniga,Wuli,584591,Female
768,Edan,Al Ma‘baţlī,329553,Male
384,Nicolina,Niquelândia,468092,Female
461,Modestine,Jiehu,912670,Female
491,Barbra,Bangjun,646129,Female
450,Curtis,Solna,563076,Male
813,Thorsten,Sindangsari,166870,Male
460,Beltran,Santana de Parnaíba,610959,Male
198,Vonnie,Nianba,403411,Female
81,Sybille,Vale da Serra,870715,Female
541,Jocko,Xinmen,730169,Male
495,Clemmie,Bancak Wetan,387861,Female
607,Haily,Las Toscas,577126,Male
797,Osgood,Gora,757740,Male
842,Jennilee,Järfälla,522731,Female
531,Dari,Petaẖ Tiqwa,990015,Female
657,Tabby,Akademgorodok,897922,Female
720,Cecilio,Kongsvinger,186587,Male
757,Elsbeth,Uppsala,935361,Female
950,Rolfe,Ljungby,92686,Male
458,Link,Chợ Chu,564058,Male
97,Dyanna,Pilawa,977809,Female
381,Norrie,El Matama,496076,Male
754,Trstram,Catalão,713830,Male
413,Albie,Chillán,197945,Male
336,Carey,Pyskowice,349164,Female
69,Hurlee,Idanha-a-Nova,317010,Male
627,Leanna,Cicayur,476588,Female
737,Miof mela,Mulleriyawa,948528,Female
266,Cindy,Žiželice,429257,Female
219,Maryann,Loa Janan,948239,Female
299,Ronna,Stalbe,875677,Female
60,Felita,Quchi,50301,Genderqueer
881,Brett,Mutis,39078,Female
173,Clyde,Blumbang,468643,Male
959,Sheena,Ditsaan,749342,Female
667,Brewster,Warungpeuteuy,577176,Male
795,Elna,Gaocheng,975123,Genderqueer
754,Licha,Gaofeng,465192,Female
434,Adan,Ea Drăng,251841,Female
153,Benni,Sidzina,804256,Agender
785,Yankee,Tworków,532857,Male
191,Jodi,Magutian,606003,Male
703,Deena,Sandakan,556703,Female
29,Steffen,Sukaraharja,274251,Male
202,Fergus,Columbus,26842,Male
459,Belle,Youxi Chengguanzhen,987533,Female
365,Jorge,Shenavan,466291,Male
617,Lonni,Bender,41714,Female
123,Neron,Saguing,217244,Male
898,Evy,Picassinos,697034,Female
887,Maxim,Insrom,419690,Male
555,Dionne,Maxixe,136228,Female
213,Hubert,Sorinomo,898056,Male
913,Courtnay,Mayfa‘ah,694999,Female
410,Stormie,Dagupan,382752,Female
134,Umberto,Banyuurip,537879,Male
33,Bentlee,Garešnica,660454,Male
656,Humbert,Nelson,310439,Male
300,Jennie,Municipio de Copacabana,948281,Female
672,Tann,Tojal,841847,Male
830,Roman,Maracanaú,32351,Male
978,Esra,Paupanda Bawah,961980,Male
485,Celesta,Longwood,485967,Female
54,Gustave,Rennes,534913,Male
567,Goldy,Maralik,206610,Female
72,Brigg,Pýli,315825,Genderfluid
36,Tilly,Espinheira,740131,Female
342,Rivalee,Tanjungbahagia,444280,Female
728,Melamie,Fufang,432627,Female
56,Sibella,Drawsko Pomorskie,332896,Female
708,Josephina,Haitou,519123,Female
545,Bernadine,Shanghuang,321256,Female
590,Far,Longxian Chengguanzhen,548467,Male
889,Ermentrude,Chodzież,389689,Female
464,Sandra,Ar Rass,921306,Female
765,Drusi,Ouricuri,57237,Female
965,Kyle,Xinchong,112452,Female
994,Venus,Sandefjord,19381,Female
725,Bernie,Fu’an,93679,Female
93,Enrica,Rinconada,348590,Female
45,Wallie,Hitura,694524,Male
701,Dave,Macia,874398,Male
627,Jabez,Dongxin,404302,Polygender
452,Levon,El Porvenir,917763,Male
536,Katrinka,Serednye,789198,Polygender
829,Munmro,Le Perreux-sur-Marne,768699,Genderqueer
31,Isabelle,Devnya,325524,Female
369,Pieter,Lebane,307790,Male
114,Ric,Hetian,454127,Male
125,Wilie,Yeghegnut,788542,Female
695,Ruggiero,Robonkon,415891,Male
762,Cad,Bulahblangaro,273861,Male
122,Gerhardine,Igarapava,923562,Female
867,Alair,Tsurugi-asahimachi,348497,Male
72,Glynis,Manutapen,733787,Female
22,Aurlie,Pitangui,32808,Female
570,Benedick,Sardoal,502377,Polygender
536,Katya,Buenavista,167629,Female
704,Homerus,Wailebe,505962,Male
207,Duff,San Eduardo,763303,Male
962,Ring,Znojmo,463254,Male
960,Marlo,Jarigue,315998,Bigender
795,Carmine,Santiago,700441,Male
635,Margit,Zhangcun,300975,Female
425,Jacky,Kedrovoye,762667,Male
492,Maximilian,Jastrebarsko,910134,Male
639,Meryl,Steinsel,679286,Female
764,Helge,Široki Brijeg,485571,Female
161,Blair,Longhua,541254,Female
716,Westley,København,462732,Male
568,Art,Taozhou,604631,Male
600,Rosina,Klášter,267605,Female
657,Nevin,Rodolívos,622674,Male
974,Angelika,Dartang,298421,Female
534,Tiebold,Zarichchya,865298,Male
450,Daron,Petrópolis,334295,Male
124,Cecile,Nabari,483824,Female
881,Barrett,Maple Ridge,497594,Male
260,Sergent,Wangzuo,941888,Male
829,Onfroi,Laocheng,121667,Male
448,Artemis,Shanjiao,486459,Male
67,Levi,Qal‘ah-ye Kuhnah,696051,Male
506,Rocky,Lutomiersk,296359,Male
434,Bobette,Mabilog,762941,Female
632,Abrahan,Lamas,772101,Male
121,Blakeley,Tanggung,139875,Non-binary
613,Dannye,Ozorków,754038,Female
597,Georgie,Tabatinga,540470,Female
960,Minor,Balibago,377677,Male
286,Kikelia,Ciduren,357620,Female
387,Ainslee,Shimanovsk,247711,Female
497,Mariya,Cintawana,992701,Female
902,Leo,Kliwon Cibingbin,259230,Male
410,Lisabeth,Tangdukou,722081,Female
223,Angelico,Saint-Quentin-en-Yvelines,92860,Male
110,Zacharie,Kingston,985311,Male
341,Creighton,Purwodadi,116772,Male
714,Nat,Toyokawa,363442,Female
643,Tuckie,Quinta do Sobrado,602653,Male
834,Debee,Solina,919700,Female
881,Nonie,Chruszczobród,156578,Female
590,Olga,Matala,386728,Female
427,Margot,Astromil,644928,Female
803,Irvin,Xiayunling,891013,Male
935,Vanessa,Boguchar,174666,Female
730,Emelita,Seydi,891012,Female
433,Gisela,Rochester,361725,Female
517,Elyn,Suizhou,807641,Female
119,Carma,Waekolong,634707,Female
209,Vivi,Shitun,762062,Female
241,Flory,Aeteke,336099,Female
414,Analiese,Areeiro,53521,Female
847,Bab,Trá Mhór,414050,Female
136,Lia,Talitsa,968486,Female
238,Mickie,Skrzyszów,603470,Male
69,Ginelle,Albuquerque,26371,Female
957,Lynne,Quimbaya,754008,Female
833,Robbi,São Miguel de Machede,402483,Female
621,Brand,Zhaiwu,620627,Male
730,Jobyna,Dabancheng,769818,Female
37,Kial,Cernay,580636,Female
613,Dottie,Guocun,416845,Female
232,Steven,Kabaty,32722,Male
694,Jessa,Kore,171575,Female
706,Cicely,Morelos,726178,Female
485,Elisha,Akráta,406777,Male
234,Roana,Glotovka,513534,Female
696,Joshua,Ciparay,916970,Male
899,Bibi,Almaguer North,678840,Female
477,Aimil,Hadāli,462388,Female
435,Cissiee,Motuo,216587,Female
873,Sinclare,Fuente de Oro,537002,Male
734,Reuven,Stockholm,611647,Male
775,Breanne,El Guapinol,884560,Female
308,Rhys,Floresta,898848,Genderqueer
638,Killie,Tabor,703491,Non-binary
796,Giorgi,Alamar,772540,Male
257,Sheppard,Manga,185804,Male
491,Rakel,Pando,163628,Female
451,Carena,Nizao,270923,Genderfluid
50,Guido,Carbajales,896449,Bigender
237,Merle,Tarakaniv,599143,Male
361,Uta,Fontvieille,216956,Female
784,Riccardo,Rossosh’,373495,Male
314,Avrit,Çalxanqala,355550,Female
125,Jerrilyn,Néa Róda,123844,Female
389,Burg,Petaling Jaya,39047,Male
3,Frankie,Sampangbitung,176787,Male
244,Lolly,Rudniki,588959,Female
554,Lyndsey,Pingshui,213562,Female
844,Grete,Bariri,460321,Female
870,Nixie,Kaizuka,886779,Female
985,Adey,Pingshi,272804,Female
42,Damien,Tenggina Daya,276924,Male
56,Templeton,Michałowice,133528,Male
587,Martynne,Gujiadian,336507,Female
122,Ambrosio,Rio de Janeiro,624978,Male
172,Beaufort,Sa'dah,768912,Non-binary
941,Ivan,Hacıhüseynli,142825,Male
793,Dante,Banjar Wates Tengah,742990,Male
163,Nadia,Kavadarci,249973,Female
222,My,Verkhniy Kurkuzhin,379923,Male
535,Shelli,Xibër-Murrizë,128941,Female
291,Travis,Veiros,851701,Male
811,Ricky,Pulau Pinang,902173,Male
136,Aldus,Addis Ababa,605167,Male
328,Kim,Eusébio,581620,Female
405,Loella,Kohāt,821468,Female
829,Robby,Mbalmayo,349366,Female
235,Toby,Skurup,167546,Female
541,Dominick,Ehen Hudag,201561,Bigender
155,Brandtr,Guanba,319136,Male
210,Christiano,Boro,51603,Male
558,Willetta,Zvishavane,489453,Female
975,Tam,Phoenix,271390,Male
576,Bernete,Houndé,801294,Genderfluid
580,Marylee,Oslo,88170,Female
254,Barclay,Thayetmyo,482064,Male
317,Teddy,Wuhe Chengguanzhen,510393,Female
414,Cele,Bender,675273,Female
492,Ashlee,Vakhsh,93504,Female
114,Michaela,Rawa Mazowiecka,158419,Female
705,Carine,Steinsel,960134,Genderqueer
856,Aldrich,Najin,702850,Male
455,Charo,Xinfeng,735892,Female
398,Hendrika,Karatsu,354926,Female
462,Correy,West Palm Beach,768060,Female
636,Dinah,Dongbei,33214,Female
241,Allys,Ladysmith,887505,Female
35,Thaxter,Jaguariúna,412850,Male
170,Branden,Pocito,23177,Male
994,Donavon,Shitong,704034,Male
992,Steffie,Pajaten,617400,Female
200,Curt,Huaccana,456852,Male
201,Lemar,Lumil,252339,Male
689,Shellie,Saint-Paul,936767,Female
166,Cointon,Jessore,882645,Male
258,Eldin,Dayingjie,696430,Male
985,Valli,Duran,624834,Female
149,Aileen,Bantry,583129,Female
887,Astrix,Guacamaya,808168,Female
282,Say,Beixiaoying,806786,Male
943,Smitty,Sangatta,36097,Male
848,Shell,Kuala Lumpur,588244,Male
711,Hugo,Koubia,457553,Male
785,Delinda,Granada,317320,Female
473,Riordan,Stockholm,289373,Male
194,Dugald,Tintina,431299,Male
746,Mallory,Javānrūd,911525,Female
810,Cornelle,Bouillon,74710,Female
973,Gregoire,Cascavel,184205,Male
826,Miguel,Takaka,528264,Male
631,Bram,Meizhou,499083,Non-binary
279,Benny,Chengdong,650095,Female
290,Preston,Oro Timur,854713,Male
518,Rycca,Figueiró dos Vinhos,742833,Female
936,Roz,Psygansu,731836,Female
504,Marji,Tengqiao,71998,Female
518,Cathryn,Oenaik,195352,Female
746,Akim,Kajiado,201310,Male
160,Wilton,Gotse Delchev,587445,Male
846,Martainn,Krasnogorskoye,771117,Male
171,Niko,Boksitogorsk,411231,Male
982,Rustie,Kertorejo,973929,Male
442,Coletta,Tomakivka,709417,Female
435,Addie,Mayqayyng,620245,Female
820,Cyrus,Xixiang,751512,Male
926,Darby,Masoli,30088,Male
905,Wynn,Kosava,638706,Female
578,Seka,Samburat,75146,Female
91,Rheba,Obsza,439805,Female
152,Angy,Fort Wayne,386710,Female
68,Kirbie,Kuantan,657845,Female
154,Karol,Vitória da Conquista,178795,Female
808,Edgardo,Saryaghash,292378,Male
775,Collin,Queluz,419703,Male
600,Bogart,Marialva,593347,Male
113,Harry,Kant,237070,Male
800,Celina,Shakhta,748798,Female
163,Perkin,Vypolzovo,665934,Male
942,Lemmy,La Ravoire,195260,Male
410,Leese,Cabo de Vila,657437,Female
598,Torey,Wairinding,607291,Female
996,Norene,Ban Phan Don,247597,Female
950,Tulley,Pogranichnyy,296306,Male
150,Lettie,Mętków,491846,Female
80,Colin,Mpulungu,397629,Male
632,Judie,Kobuleti,915463,Female
580,Pasquale,Az Zuwaytīnah,301069,Male
291,Dionne,Ivanovo,640823,Female
357,Rollo,Ticllos,84125,Male
287,Ketti,Urjala,188011,Female
622,Roddie,Ash Shaḩānīyah,445419,Male
506,Alison,Frampol,975913,Female
193,Kalil,Zili,782869,Male
717,Novelia,Ayang-ni,424881,Female
693,Forest,Santa Fe,194588,Male
627,Bradney,Parang,987010,Male
103,Mendie,Ciela Lebak,612763,Male
769,Babbette,Temuji,434224,Female
345,Karl,Sandefjord,293573,Male
106,Hamil,Banisilan,255456,Male
734,Brier,Ortega,22557,Non-binary
113,Nike,Huakoulongtan,150441,Female
177,Jesus,Seremban,885048,Male
917,Marchall,Cidikit Girang,348946,Male
394,Selestina,Dacudao,555783,Female
171,Callean,Qingfenglin,669988,Male
448,Darill,Celorico de Basto,617503,Male
480,Davide,Novyy Oskol,626573,Male
959,Sheilakathryn,Tonghu,442577,Female
147,Bibbye,Debar,815788,Female
279,Trudy,Dinaig,628353,Female
227,Heidi,Antiguo Cuscatlán,902631,Female
973,Steve,Malie,736578,Genderqueer
569,Izaak,Asan,120550,Male
257,Piotr,Terong,341635,Male
153,Arny,Rizal,747854,Male
659,Taylor,Coayllo,721457,Male
960,Maddy,Sharan,62447,Female
239,Darwin,Arbais,121410,Agender
535,Eugenio,Boshi,65595,Male
89,Cammy,Rumyantsevo,158071,Male
730,Willyt,Shidu,762334,Female
654,Heywood,Khallat ad Dār,672460,Male
641,Cy,Nova Viçosa,543542,Male
752,Cornall,Beroroha,148245,Male
765,Janifer,Omboué,323747,Agender
294,Patton,Tempurejo,772987,Male
165,Randolph,Manfalūţ,521847,Male
780,Drud,Santa Cruz,652407,Male
428,Keen,Taiyang,991466,Male
40,Keslie,Bugang,612700,Female
247,Emmott,Prata,460131,Male
759,Jorry,Bom Conselho,533229,Female
620,Ed,San Antonio,873564,Male
101,Shoshanna,Jinsha,77418,Female
520,Welby,Bagroy,13301,Male
944,Alejandra,Bolgar,667956,Agender
607,Dyann,Lelystad,788133,Female
974,Layney,Gocoton,296196,Female
20,Albert,Brooklyn,897733,Male
251,Morna,Vostochnyy,744667,Female
337,Joanne,Banjing,107714,Female
254,Dwain,Křížová,295592,Male
861,Robert,Umingan,365444,Male
844,Tracy,Mozhga,920980,Male
141,Domeniga,Xieyang,705012,Female
248,Lena,Końskowola,163940,Female
77,Malvin,Huiyuan,654170,Male
247,Deni,Kaniów,349708,Female
619,Carmine,Nuku‘alofa,225312,Male
858,Sollie,La Paz,515633,Male
58,Syd,Gatesville,323220,Male
620,Jami,Yoro,130684,Bigender
513,Emlynne,Yongle,664781,Non-binary
246,Karmen,Cacoal,328606,Female
281,Beverley,Kajaani,920735,Female
831,Lock,Oakland,914913,Male
170,Ingaborg,Uhryniv,332308,Female
196,Babb,Nanggorak,884991,Female
350,Christoph,Glendale,531681,Male
108,Waylan,Nakło nad Notecią,315629,Male
557,Mimi,Yeşilköy,784395,Genderqueer
280,Bron,Shewopo,409961,Male
422,Julietta,Dushan,500240,Female
396,Poul,Novaya Derevnya,500820,Male
666,Florentia,Lokossa,699803,Female
911,Erinn,Wendo,377030,Female
